id,gender,first_name,last_name,cpf,birthday,email,phone,cell,address,address_number,district,city,uf,cep,created_at,modified_at
1,M,Larry,Friedmann,05242933728,1983-01-25,l.friedmann@example.com,(68) 5349-7623,(35) 3867-4978,Av. Indianópolis,100,Indianópolis,São Paulo,SP,04062-000,2015-05-16 02:51:07.217509+00,2015-05-16 02:51:07.217509+00
2,M,Daniel,Hendrix,54784795923,2002-03-03,d.hendrix@example.com,(82) 8627-8505,(79) 2336-7116,Rua Padre Machado,68,Vila Mariana,São Paulo,SP,04127-001,2015-05-16 02:51:07.219292+00,2015-05-16 02:51:07.219292+00
3,M,Peter,Abbott,10159041647,1994-03-18,p.abbott@example.com,(41) 2421-8456,(00) 5012-9555,Av. Indianópolis,100,Indianópolis,São Paulo,SP,04062-000,2015-05-16 02:51:07.220740+00,2015-05-16 02:51:07.220740+00
4,F,Lisa,Sedotal,50283023940,2002-08-28,l.sedotal@example.com,(13) 3166-0885,(49) 9568-7697,Av. Indianópolis,100,Indianópolis,São Paulo,SP,04062-000,2015-05-16 02:51:07.311511+00,2015-05-16 02:51:07.311511+00
5,M,Adolph,Noonan,99659155205,1979-06-05,a.noonan@example.com,(78) 4100-9946,(17) 3820-3080,Av. Moreira Guimarães,367,Moema,São Paulo,SP,04074-030,2015-05-16 02:51:07.317890+00,2015-05-16 02:51:07.317890+00
6,F,Sara,Christenberry,87073686680,1963-01-26,s.christenberry@example.com,(73) 1686-6887,(95) 5089-7847,Av. Moreira Guimarães,367,Moema,São Paulo,SP,04074-030,2015-05-16 02:51:07.348210+00,2015-05-16 02:51:07.348210+00
7,M,Collin,Conway,15549160394,1963-07-16,c.conway@example.com,(29) 6233-7754,(42) 6417-0138,Av. Ulisses Reis de Matos,100,Morumbi,São Paulo,SP,00568-602,2015-05-16 02:51:07.350693+00,2015-05-16 02:51:07.350693+00
8,F,Carole,Rodriguez,07834056790,1948-04-11,c.rodriguez@example.com,(89) 3689-3268,(13) 1515-9179,Av. Indianópolis,100,Indianópolis,São Paulo,SP,04062-000,2015-05-16 02:51:07.351455+00,2015-05-16 02:51:07.351455+00
9,F,Carol,Kramer,36121170277,1945-02-04,c.kramer@example.com,(12) 6638-7638,(91) 3029-9921,Av. Pacaembú,380,Barra Funda,São Paulo,SP,01155-000,2015-05-16 02:51:07.352552+00,2015-05-16 02:51:07.352552+00
10,F,Rachael,Jones,66517487586,2010-10-08,r.jones@example.com,(93) 6807-7821,(16) 9060-4550,Av. Moreira Guimarães,367,Moema,São Paulo,SP,04074-030,2015-05-16 02:51:07.353440+00,2015-05-16 02:51:07.353440+00
11,M,John,Arruda,59088127640,2000-03-15,j.arruda@example.com,(30) 6806-7101,(18) 2770-6643,Av. Ulisses Reis de Matos,100,Morumbi,São Paulo,SP,00568-602,2015-05-16 02:51:07.362324+00,2015-05-16 02:51:07.362324+00
12,M,Daniel,Sideris,64472995952,1979-09-22,d.sideris@example.com,(95) 3740-8832,(85) 4708-3615,Rua Padre Machado,68,Vila Mariana,São Paulo,SP,04127-001,2015-05-16 02:51:07.397741+00,2015-05-16 02:51:07.397741+00
13,F,Kim,Stone,44500897930,1987-08-20,k.stone@example.com,(62) 3342-6898,(37) 9960-2745,Av. Pacaembú,380,Barra Funda,São Paulo,SP,01155-000,2015-05-16 02:51:07.398505+00,2015-05-16 02:51:07.398505+00
14,F,Irene,Heard,55782855009,1969-06-06,i.heard@example.com,(01) 9313-2857,(86) 8395-6360,Rua Padre Machado,68,Vila Mariana,São Paulo,SP,04127-001,2015-05-16 02:51:07.400446+00,2015-05-16 02:51:07.400446+00
15,M,Louis,Demoss,51703852672,1951-10-01,l.demoss@example.com,(16) 5538-9169,(46) 9378-2860,Av. Indianópolis,100,Indianópolis,São Paulo,SP,04062-000,2015-05-16 02:51:07.408896+00,2015-05-16 02:51:07.408896+00
16,F,Johnnie,Keeling,00303144833,1959-04-06,j.keeling@example.com,(03) 9634-7492,(44) 9842-4837,Av. Indianópolis,100,Indianópolis,São Paulo,SP,04062-000,2015-05-16 02:51:07.414072+00,2015-05-16 02:51:07.414072+00
17,F,Wendy,Barr,94522234669,1946-04-28,w.barr@example.com,(56) 1922-5834,(43) 9229-8911,Av. Moreira Guimarães,367,Moema,São Paulo,SP,04074-030,2015-05-16 02:51:07.415926+00,2015-05-16 02:51:07.415926+00
18,F,Debra,Mendoza,81025842732,1967-11-11,d.mendoza@example.com,(18) 7110-9697,(36) 1193-8706,Av. Ulisses Reis de Matos,100,Morumbi,São Paulo,SP,00568-602,2015-05-16 02:51:07.416979+00,2015-05-16 02:51:07.416979+00
19,F,Deborah,Oberlin,21677166880,1975-09-13,d.oberlin@example.com,(38) 3800-5863,(85) 1833-2209,Av. Indianópolis,100,Indianópolis,São Paulo,SP,04062-000,2015-05-16 02:51:07.440345+00,2015-05-16 02:51:07.440345+00
20,M,Christopher,Desch,54793310944,1997-08-21,c.desch@example.com,(10) 7152-2974,(03) 1648-3869,Rua Padre Machado,68,Vila Mariana,São Paulo,SP,04127-001,2015-05-16 02:51:07.470245+00,2015-05-16 02:51:07.470245+00
21,F,Nicole,Williams,94693969890,1965-03-23,n.williams@example.com,(09) 7882-8974,(81) 1631-6758,Av. Indianópolis,100,Indianópolis,São Paulo,SP,04062-000,2015-05-16 02:51:07.470803+00,2015-05-16 02:51:07.470803+00
22,M,Carlos,Nett,16494262833,2003-12-28,c.nett@example.com,(73) 6795-0979,(96) 0795-0459,Av. Moreira Guimarães,367,Moema,São Paulo,SP,04074-030,2015-05-16 02:51:07.507105+00,2015-05-16 02:51:07.507105+00
23,M,Daniel,Latham,91769631818,1974-08-15,d.latham@example.com,(63) 2270-5305,(90) 1767-1683,Rua Padre Machado,68,Vila Mariana,São Paulo,SP,04127-001,2015-05-16 02:51:07.509320+00,2015-05-16 02:51:07.509320+00
24,M,Justin,Samuel,51403310699,1973-12-13,j.samuel@example.com,(28) 5258-0846,(53) 7962-0432,Av. Ulisses Reis de Matos,100,Morumbi,São Paulo,SP,00568-602,2015-05-16 02:51:07.511853+00,2015-05-16 02:51:07.511853+00
25,M,Charles,Gann,20264332385,1977-07-21,c.gann@example.com,(01) 6099-8866,(29) 6531-9766,Av. Indianópolis,100,Indianópolis,São Paulo,SP,04062-000,2015-05-16 02:51:07.515215+00,2015-05-16 02:51:07.515215+00
26,F,Michelle,Chadwick,52215797623,1984-07-03,m.chadwick@example.com,(62) 9588-0279,(44) 7833-1734,Av. Pacaembú,380,Barra Funda,São Paulo,SP,01155-000,2015-05-16 02:51:07.519532+00,2015-05-16 02:51:07.519532+00
27,F,Verla,Ruiz,02228397003,2009-12-03,v.ruiz@example.com,(65) 5942-1872,(55) 7324-7234,Rua Padre Machado,68,Vila Mariana,São Paulo,SP,04127-001,2015-05-16 02:51:07.522495+00,2015-05-16 02:51:07.522495+00
28,F,Ruth,Myers,92675381215,1952-03-08,r.myers@example.com,(95) 0357-2959,(85) 6152-3663,Rua Padre Machado,68,Vila Mariana,São Paulo,SP,04127-001,2015-05-16 02:51:07.523013+00,2015-05-16 02:51:07.523013+00
29,M,John,Howard,73313000813,1953-10-27,j.howard@example.com,(51) 3026-9024,(08) 1867-2391,Av. Ulisses Reis de Matos,100,Morumbi,São Paulo,SP,00568-602,2015-05-16 02:51:07.523569+00,2015-05-16 02:51:07.523569+00
30,M,Bryon,Washington,80043126636,2002-10-11,b.washington@example.com,(05) 7223-9492,(28) 9889-4868,Av. Moreira Guimarães,367,Moema,São Paulo,SP,04074-030,2015-05-16 02:51:07.524820+00,2015-05-16 02:51:07.524820+00
31,M,Joseph,Matthews,29414297650,1980-02-18,j.matthews@example.com,(88) 5303-8452,(38) 4148-4730,Av. Moreira Guimarães,367,Moema,São Paulo,SP,04074-030,2015-05-16 02:51:07.525420+00,2015-05-16 02:51:07.525420+00
32,M,Dennis,Farnsworth,27256013513,1946-06-02,d.farnsworth@example.com,(00) 3133-4650,(74) 7722-8588,Av. Moreira Guimarães,367,Moema,São Paulo,SP,04074-030,2015-05-16 02:51:07.529113+00,2015-05-16 02:51:07.529113+00
33,F,Cheri,Ortiz,80253512983,2007-12-16,c.ortiz@example.com,(80) 9482-2447,(19) 8842-4666,Av. Indianópolis,100,Indianópolis,São Paulo,SP,04062-000,2015-05-16 02:51:07.530382+00,2015-05-16 02:51:07.530382+00
34,M,Christopher,Wright,97414428371,1987-03-24,c.wright@example.com,(70) 0468-5270,(59) 5947-4916,Av. Pacaembú,380,Barra Funda,São Paulo,SP,01155-000,2015-05-16 02:51:07.530796+00,2015-05-16 02:51:07.530796+00
35,M,Jackson,Morales,12288534126,2000-09-17,j.morales@example.com,(77) 8636-3851,(88) 5782-5997,Av. Pacaembú,380,Barra Funda,São Paulo,SP,01155-000,2015-05-16 02:51:07.532105+00,2015-05-16 02:51:07.532105+00
36,F,Shannon,Turman,74331069857,1999-02-05,s.turman@example.com,(60) 5094-8828,(86) 1139-0946,Av. Ulisses Reis de Matos,100,Morumbi,São Paulo,SP,00568-602,2015-05-16 02:51:07.538334+00,2015-05-16 02:51:07.538334+00
37,F,Elizabeth,Moeller,62301393188,1968-09-10,e.moeller@example.com,(10) 3885-5739,(82) 1827-9687,Av. Pacaembú,380,Barra Funda,São Paulo,SP,01155-000,2015-05-16 02:51:07.542142+00,2015-05-16 02:51:07.542142+00
38,M,Robert,Carlson,52061661495,1951-04-20,r.carlson@example.com,(10) 0557-4394,(60) 0477-9560,Rua Padre Machado,68,Vila Mariana,São Paulo,SP,04127-001,2015-05-16 02:51:07.542825+00,2015-05-16 02:51:07.542825+00
39,M,Robert,Scott,45216309889,2007-11-06,r.scott@example.com,(97) 9851-5910,(25) 4541-8765,Rua Padre Machado,68,Vila Mariana,São Paulo,SP,04127-001,2015-05-16 02:51:07.543219+00,2015-05-16 02:51:07.543219+00
40,M,Kevin,Scheumann,78674914400,2003-10-15,k.scheumann@example.com,(85) 2455-0990,(43) 3642-3117,Av. Pacaembú,380,Barra Funda,São Paulo,SP,01155-000,2015-05-16 02:51:07.615427+00,2015-05-16 02:51:07.615427+00
41,F,Ava,Matto,20501320268,1963-06-26,a.matto@example.com,(17) 2763-5687,(85) 0842-7390,Av. Indianópolis,100,Indianópolis,São Paulo,SP,04062-000,2015-05-16 02:51:07.684253+00,2015-05-16 02:51:07.684253+00
42,M,Richard,Johnson,79177527607,1964-08-20,r.johnson@example.com,(48) 1407-3750,(55) 1472-1319,Av. Indianópolis,100,Indianópolis,São Paulo,SP,04062-000,2015-05-16 02:51:07.684821+00,2015-05-16 02:51:07.684821+00
43,F,Christal,Couch,20212824865,1982-08-09,c.couch@example.com,(82) 4567-4015,(84) 1375-3288,Av. Ulisses Reis de Matos,100,Morumbi,São Paulo,SP,00568-602,2015-05-16 02:51:07.688473+00,2015-05-16 02:51:07.688473+00
44,M,Micheal,Borman,07031847100,1974-11-13,m.borman@example.com,(36) 8131-6566,(14) 1427-7111,Av. Indianópolis,100,Indianópolis,São Paulo,SP,04062-000,2015-05-16 02:51:07.703107+00,2015-05-16 02:51:07.703107+00
45,M,Edmund,Lockhart,89705751920,1978-03-15,e.lockhart@example.com,(95) 8166-2376,(81) 0916-3340,Av. Moreira Guimarães,367,Moema,São Paulo,SP,04074-030,2015-05-16 02:51:07.705385+00,2015-05-16 02:51:07.705385+00
46,M,Marco,Sauceda,81673257909,1954-03-17,m.sauceda@example.com,(59) 0894-8289,(26) 9132-4573,Av. Pacaembú,380,Barra Funda,São Paulo,SP,01155-000,2015-05-16 02:51:07.713174+00,2015-05-16 02:51:07.713174+00
47,F,Sarah,Brodie,71587120600,1971-01-16,s.brodie@example.com,(90) 6305-4899,(78) 2747-1747,Av. Indianópolis,100,Indianópolis,São Paulo,SP,04062-000,2015-05-16 02:51:07.721358+00,2015-05-16 02:51:07.721358+00
48,M,Jack,Franklin,38307012591,2009-03-18,j.franklin@example.com,(29) 0143-8991,(77) 7502-5356,Av. Ulisses Reis de Matos,100,Morumbi,São Paulo,SP,00568-602,2015-05-16 02:51:07.722093+00,2015-05-16 02:51:07.722093+00
49,F,Bernadette,Diggs,09065325602,1992-07-27,b.diggs@example.com,(29) 6779-7344,(73) 9451-6971,Rua Padre Machado,68,Vila Mariana,São Paulo,SP,04127-001,2015-05-16 02:51:07.725206+00,2015-05-16 02:51:07.725206+00
50,F,Sharon,Ayala,89996450865,1967-11-05,s.ayala@example.com,(72) 2757-0807,(56) 5831-4870,Av. Ulisses Reis de Matos,100,Morumbi,São Paulo,SP,00568-602,2015-05-16 02:51:07.726234+00,2015-05-16 02:51:07.726234+00
51,M,Seth,Bubier,26769888874,1986-12-02,s.bubier@example.com,(23) 6176-6374,(54) 2784-0962,Av. Pacaembú,380,Barra Funda,São Paulo,SP,01155-000,2015-05-16 02:51:07.780021+00,2015-05-16 02:51:07.780021+00
52,M,Roger,Letko,62396319772,1961-05-06,r.letko@example.com,(36) 1088-2239,(20) 3621-9867,Av. Moreira Guimarães,367,Moema,São Paulo,SP,04074-030,2015-05-16 02:51:07.879858+00,2015-05-16 02:51:07.879858+00
53,M,Rubin,Swearingen,22728920117,1967-02-07,r.swearingen@example.com,(68) 7006-7676,(77) 5214-4390,Av. Indianópolis,100,Indianópolis,São Paulo,SP,04062-000,2015-05-16 02:51:07.888841+00,2015-05-16 02:51:07.888841+00
54,F,Mary,Pryor,18820181236,1956-06-02,m.pryor@example.com,(01) 5652-3052,(65) 0130-1190,Av. Moreira Guimarães,367,Moema,São Paulo,SP,04074-030,2015-05-16 02:51:07.890701+00,2015-05-16 02:51:07.890701+00
55,M,Michael,Sedillo,01498859561,1976-01-01,m.sedillo@example.com,(29) 3124-9075,(18) 4683-8014,Av. Moreira Guimarães,367,Moema,São Paulo,SP,04074-030,2015-05-16 02:51:07.900511+00,2015-05-16 02:51:07.900511+00
56,M,Felipe,Kaspar,58743515582,1983-01-17,f.kaspar@example.com,(21) 6814-9550,(17) 4303-0203,Av. Moreira Guimarães,367,Moema,São Paulo,SP,04074-030,2015-05-16 02:51:07.918439+00,2015-05-16 02:51:07.918439+00
57,F,Tressie,Reardon,51482596130,1979-01-17,t.reardon@example.com,(38) 0867-6935,(96) 9373-8434,Av. Ulisses Reis de Matos,100,Morumbi,São Paulo,SP,00568-602,2015-05-16 02:51:07.924298+00,2015-05-16 02:51:07.924298+00
58,F,Rosie,Hair,03153835283,2009-05-12,r.hair@example.com,(75) 2648-4170,(16) 0934-8938,Av. Pacaembú,380,Barra Funda,São Paulo,SP,01155-000,2015-05-16 02:51:07.931448+00,2015-05-16 02:51:07.931448+00
59,M,Kermit,Glenn,47618044531,2005-09-02,k.glenn@example.com,(28) 4230-5976,(16) 7295-3169,Av. Pacaembú,380,Barra Funda,São Paulo,SP,01155-000,2015-05-16 02:51:07.933391+00,2015-05-16 02:51:07.933391+00
60,F,Linda,Tilman,03345619049,1949-05-17,l.tilman@example.com,(91) 3349-8298,(12) 3809-1460,Rua Padre Machado,68,Vila Mariana,São Paulo,SP,04127-001,2015-05-16 02:51:07.953848+00,2015-05-16 02:51:07.953848+00
61,F,Debbie,Holloman,67363192629,2001-10-16,d.holloman@example.com,(17) 8739-5124,(52) 5846-7277,Av. Ulisses Reis de Matos,100,Morumbi,São Paulo,SP,00568-602,2015-05-16 02:51:07.958716+00,2015-05-16 02:51:07.958716+00
62,M,Steve,Davis,04133465912,1973-06-09,s.davis@example.com,(02) 4496-3122,(97) 6771-6237,Av. Indianópolis,100,Indianópolis,São Paulo,SP,04062-000,2015-05-16 02:51:07.959167+00,2015-05-16 02:51:07.959167+00
63,F,Brian,Nichol,45867623106,1971-09-26,b.nichol@example.com,(65) 6468-6314,(04) 3354-9693,Av. Ulisses Reis de Matos,100,Morumbi,São Paulo,SP,00568-602,2015-05-16 02:51:07.975906+00,2015-05-16 02:51:07.975906+00
64,M,Donald,Enderle,43807241839,1969-09-11,d.enderle@example.com,(76) 8054-5477,(25) 3021-8207,Av. Moreira Guimarães,367,Moema,São Paulo,SP,04074-030,2015-05-16 02:51:08.005913+00,2015-05-16 02:51:08.005913+00
65,F,Karen,Mcwhorter,73326235568,1971-12-28,k.mcwhorter@example.com,(32) 7296-3026,(24) 9754-1458,Av. Indianópolis,100,Indianópolis,São Paulo,SP,04062-000,2015-05-16 02:51:08.009883+00,2015-05-16 02:51:08.009883+00
66,F,Nancy,Strickland,04394041454,1986-03-13,n.strickland@example.com,(73) 3881-3634,(28) 9495-5729,Av. Indianópolis,100,Indianópolis,São Paulo,SP,04062-000,2015-05-16 02:51:08.010738+00,2015-05-16 02:51:08.010738+00
67,F,Vicki,Alteri,30722732867,1969-10-28,v.alteri@example.com,(10) 8284-8655,(81) 0165-5909,Rua Padre Machado,68,Vila Mariana,São Paulo,SP,04127-001,2015-05-16 02:51:08.053108+00,2015-05-16 02:51:08.053108+00
68,M,Donald,Vanek,82355223059,2002-05-14,d.vanek@example.com,(99) 6000-3452,(84) 4152-9373,Rua Padre Machado,68,Vila Mariana,São Paulo,SP,04127-001,2015-05-16 02:51:08.070035+00,2015-05-16 02:51:08.070035+00
69,M,Roy,Robles,49978386730,1959-11-21,r.robles@example.com,(49) 1514-4324,(54) 3630-2924,Av. Pacaembú,380,Barra Funda,São Paulo,SP,01155-000,2015-05-16 02:51:08.071316+00,2015-05-16 02:51:08.071316+00
70,M,Stephen,Morgan,93683040872,2008-01-17,s.morgan@example.com,(47) 5559-8803,(98) 0564-8365,Av. Ulisses Reis de Matos,100,Morumbi,São Paulo,SP,00568-602,2015-05-16 02:51:08.071779+00,2015-05-16 02:51:08.071779+00
71,M,Keenan,Gallagher,82151594778,1949-08-06,k.gallagher@example.com,(89) 3946-8854,(81) 6525-2321,Av. Moreira Guimarães,367,Moema,São Paulo,SP,04074-030,2015-05-16 02:51:08.074188+00,2015-05-16 02:51:08.074188+00
72,M,Carl,Mccoy,71563918321,1966-02-06,c.mccoy@example.com,(31) 1612-6578,(68) 5356-1751,Av. Moreira Guimarães,367,Moema,São Paulo,SP,04074-030,2015-05-16 02:51:08.074858+00,2015-05-16 02:51:08.074858+00
73,F,Sandra,Delosh,46779564066,1961-08-03,s.delosh@example.com,(79) 8089-4152,(49) 7547-1926,Av. Indianópolis,100,Indianópolis,São Paulo,SP,04062-000,2015-05-16 02:51:08.103274+00,2015-05-16 02:51:08.103274+00
74,M,Harry,Edwards,25274917318,1950-10-13,h.edwards@example.com,(46) 0600-8911,(56) 3848-6407,Av. Ulisses Reis de Matos,100,Morumbi,São Paulo,SP,00568-602,2015-05-16 02:51:08.103907+00,2015-05-16 02:51:08.103907+00
75,F,Ashley,Ferris,52132058891,2000-01-12,a.ferris@example.com,(71) 1944-3001,(13) 3096-7654,Av. Indianópolis,100,Indianópolis,São Paulo,SP,04062-000,2015-05-16 02:51:08.106407+00,2015-05-16 02:51:08.106407+00
76,F,Lorraine,Tweed,90549502261,1989-03-08,l.tweed@example.com,(29) 7000-0507,(56) 2711-3609,Av. Ulisses Reis de Matos,100,Morumbi,São Paulo,SP,00568-602,2015-05-16 02:51:08.119689+00,2015-05-16 02:51:08.119689+00
77,M,Chase,Bethea,92634324153,2003-04-24,c.bethea@example.com,(60) 6843-6259,(88) 8512-8399,Av. Ulisses Reis de Matos,100,Morumbi,São Paulo,SP,00568-602,2015-05-16 02:51:08.124446+00,2015-05-16 02:51:08.124446+00
78,M,Dick,Davis,66637427062,1984-03-16,d.davis@example.com,(94) 1977-4715,(12) 5989-3450,Av. Indianópolis,100,Indianópolis,São Paulo,SP,04062-000,2015-05-16 02:51:08.125745+00,2015-05-16 02:51:08.125745+00
79,F,Karen,Dix,73559426845,1971-08-10,k.dix@example.com,(72) 5804-1690,(69) 4046-9791,Av. Pacaembú,380,Barra Funda,São Paulo,SP,01155-000,2015-05-16 02:51:08.130912+00,2015-05-16 02:51:08.130912+00
80,M,David,Blasen,64582293106,2004-06-18,d.blasen@example.com,(33) 0224-8231,(24) 3257-0043,Av. Moreira Guimarães,367,Moema,São Paulo,SP,04074-030,2015-05-16 02:51:08.204945+00,2015-05-16 02:51:08.204945+00
81,M,Arthur,Mcadams,84200356504,1993-11-17,a.mcadams@example.com,(28) 6865-4564,(71) 8065-3973,Av. Ulisses Reis de Matos,100,Morumbi,São Paulo,SP,00568-602,2015-05-16 02:51:08.209160+00,2015-05-16 02:51:08.209160+00
82,M,Clarence,Haring,29602646940,1973-03-18,c.haring@example.com,(72) 9063-0110,(60) 1718-7854,Av. Moreira Guimarães,367,Moema,São Paulo,SP,04074-030,2015-05-16 02:51:08.228885+00,2015-05-16 02:51:08.228885+00
83,M,Donald,Martin,15979074762,1980-12-15,d.martin@example.com,(60) 2890-9937,(22) 5824-1860,Rua Padre Machado,68,Vila Mariana,São Paulo,SP,04127-001,2015-05-16 02:51:08.229376+00,2015-05-16 02:51:08.229376+00
84,F,Iva,Taylor,22913742259,1977-06-21,i.taylor@example.com,(96) 3483-1607,(35) 7269-9995,Av. Pacaembú,380,Barra Funda,São Paulo,SP,01155-000,2015-05-16 02:51:08.230492+00,2015-05-16 02:51:08.230492+00
85,M,Francis,Westbrook,29929482881,1964-11-16,f.westbrook@example.com,(32) 7330-0459,(32) 8200-7724,Av. Pacaembú,380,Barra Funda,São Paulo,SP,01155-000,2015-05-16 02:51:08.233547+00,2015-05-16 02:51:08.233547+00
86,F,Darci,Warren,32276145185,2011-12-16,d.warren@example.com,(02) 7119-2702,(12) 5651-0072,Av. Pacaembú,380,Barra Funda,São Paulo,SP,01155-000,2015-05-16 02:51:08.236718+00,2015-05-16 02:51:08.236718+00
87,F,Tara,Rhodes,72176616086,2002-11-26,t.rhodes@example.com,(07) 5026-7779,(43) 3663-9858,Av. Moreira Guimarães,367,Moema,São Paulo,SP,04074-030,2015-05-16 02:51:08.238446+00,2015-05-16 02:51:08.238446+00
88,M,Robert,Mcdonald,52210833792,1985-07-28,r.mcdonald@example.com,(00) 1750-4673,(66) 9962-7141,Av. Indianópolis,100,Indianópolis,São Paulo,SP,04062-000,2015-05-16 02:51:08.239060+00,2015-05-16 02:51:08.239060+00
89,M,Elwood,Goodin,95398917802,1977-07-11,e.goodin@example.com,(15) 5242-9850,(42) 1759-3321,Av. Pacaembú,380,Barra Funda,São Paulo,SP,01155-000,2015-05-16 02:51:08.246859+00,2015-05-16 02:51:08.246859+00
90,M,Clark,Benavidez,71131708115,1960-07-12,c.benavidez@example.com,(25) 0250-9137,(35) 8655-0690,Av. Ulisses Reis de Matos,100,Morumbi,São Paulo,SP,00568-602,2015-05-16 02:51:08.252474+00,2015-05-16 02:51:08.252474+00
91,M,Philip,Gerwitz,41885611679,2001-08-11,p.gerwitz@example.com,(28) 3727-7141,(12) 3523-5761,Av. Ulisses Reis de Matos,100,Morumbi,São Paulo,SP,00568-602,2015-05-16 02:51:08.312982+00,2015-05-16 02:51:08.312982+00
92,M,Darrel,Wiley,26672352916,2003-07-10,d.wiley@example.com,(28) 5283-3458,(01) 9125-3548,Av. Indianópolis,100,Indianópolis,São Paulo,SP,04062-000,2015-05-16 02:51:08.314787+00,2015-05-16 02:51:08.314787+00
93,F,Dianne,Arnot,65065700564,1972-07-09,d.arnot@example.com,(86) 5307-7429,(05) 2807-2247,Av. Pacaembú,380,Barra Funda,São Paulo,SP,01155-000,2015-05-16 02:51:08.345131+00,2015-05-16 02:51:08.345131+00
94,M,Loyd,Zamora,45447625386,1968-01-06,l.zamora@example.com,(97) 0215-7542,(40) 2919-4813,Av. Pacaembú,380,Barra Funda,São Paulo,SP,01155-000,2015-05-16 02:51:08.347668+00,2015-05-16 02:51:08.347668+00
95,M,Brian,Brown,68805321834,1964-05-12,b.brown@example.com,(06) 7127-7948,(14) 9841-4489,Av. Moreira Guimarães,367,Moema,São Paulo,SP,04074-030,2015-05-16 02:51:08.348187+00,2015-05-16 02:51:08.348187+00
96,F,Melba,Davis,74458281545,1961-07-01,m.davis@example.com,(29) 3916-0971,(20) 2175-1624,Av. Moreira Guimarães,367,Moema,São Paulo,SP,04074-030,2015-05-16 02:51:08.349465+00,2015-05-16 02:51:08.349465+00
97,F,Laverne,Young,80077544468,1985-10-04,l.young@example.com,(39) 3459-1377,(32) 5379-1730,Av. Pacaembú,380,Barra Funda,São Paulo,SP,01155-000,2015-05-16 02:51:08.350460+00,2015-05-16 02:51:08.350460+00
98,F,Carol,Burris,72247977297,1955-09-17,c.burris@example.com,(72) 2659-3087,(79) 9424-5256,Av. Ulisses Reis de Matos,100,Morumbi,São Paulo,SP,00568-602,2015-05-16 02:51:08.352190+00,2015-05-16 02:51:08.352190+00
99,M,Gregory,Swanger,76448060830,1981-09-13,g.swanger@example.com,(26) 5054-6403,(53) 5712-4642,Av. Indianópolis,100,Indianópolis,São Paulo,SP,04062-000,2015-05-16 02:51:08.366099+00,2015-05-16 02:51:08.366099+00
100,M,Ronald,Reichenbach,66363355929,2009-08-18,r.reichenbach@example.com,(09) 8231-1352,(69) 8601-6374,Av. Indianópolis,100,Indianópolis,São Paulo,SP,04062-000,2015-05-16 02:51:08.385832+00,2015-05-16 02:51:08.385832+00
101,F,Beverly,Connell,16054274306,1957-09-04,b.connell@example.com,(04) 4158-8640,(39) 9916-8166,Av. Ulisses Reis de Matos,100,Morumbi,São Paulo,SP,00568-602,2015-05-16 02:51:08.388685+00,2015-05-16 02:51:08.388685+00
102,M,Malik,Forsythe,49539077787,1981-04-20,m.forsythe@example.com,(93) 0194-2625,(75) 4450-5378,Av. Pacaembú,380,Barra Funda,São Paulo,SP,01155-000,2015-05-16 02:51:08.394356+00,2015-05-16 02:51:08.394356+00
103,F,Isabelle,Barton,50262223055,2003-04-18,i.barton@example.com,(48) 3425-9889,(07) 1976-2041,Av. Ulisses Reis de Matos,100,Morumbi,São Paulo,SP,00568-602,2015-05-16 02:51:08.396139+00,2015-05-16 02:51:08.396139+00
104,F,Mary,Wright,59122140619,1959-08-19,m.wright@example.com,(90) 5239-9771,(36) 7456-1377,Av. Pacaembú,380,Barra Funda,São Paulo,SP,01155-000,2015-05-16 02:51:08.396567+00,2015-05-16 02:51:08.396567+00
105,F,Ann,Parraga,01163420937,1966-08-24,a.parraga@example.com,(27) 4488-0959,(26) 7439-1610,Rua Padre Machado,68,Vila Mariana,São Paulo,SP,04127-001,2015-05-16 02:51:08.491704+00,2015-05-16 02:51:08.491704+00
106,F,Jacqueline,Daugherty,92385990998,1968-07-06,j.daugherty@example.com,(76) 0834-5544,(99) 0918-7523,Av. Moreira Guimarães,367,Moema,São Paulo,SP,04074-030,2015-05-16 02:51:08.493456+00,2015-05-16 02:51:08.493456+00
107,M,William,Stoeffler,07676548951,2007-02-10,w.stoeffler@example.com,(68) 5245-0343,(15) 0352-8264,Rua Padre Machado,68,Vila Mariana,São Paulo,SP,04127-001,2015-05-16 02:51:08.606520+00,2015-05-16 02:51:08.606520+00
108,M,Gary,Gibson,06366418684,1977-04-10,g.gibson@example.com,(05) 4465-5781,(22) 4210-3223,Rua Padre Machado,68,Vila Mariana,São Paulo,SP,04127-001,2015-05-16 02:51:08.607114+00,2015-05-16 02:51:08.607114+00
109,M,Andrew,Arender,80362719045,1957-07-18,a.arender@example.com,(07) 3590-0245,(29) 0749-9671,Av. Moreira Guimarães,367,Moema,São Paulo,SP,04074-030,2015-05-16 02:51:08.660455+00,2015-05-16 02:51:08.660455+00
110,M,Eric,Tiley,47217339284,1968-09-06,e.tiley@example.com,(38) 0275-2312,(29) 9692-8561,Av. Indianópolis,100,Indianópolis,São Paulo,SP,04062-000,2015-05-16 02:51:08.756863+00,2015-05-16 02:51:08.756863+00
111,F,June,Gonzalez,04573218788,1978-10-27,j.gonzalez@example.com,(87) 2441-3645,(00) 4141-6295,Rua Padre Machado,68,Vila Mariana,São Paulo,SP,04127-001,2015-05-16 02:51:08.757606+00,2015-05-16 02:51:08.757606+00
112,M,Joshua,Cerza,94981474782,2000-10-22,j.cerza@example.com,(68) 4875-6004,(44) 9404-2473,Av. Indianópolis,100,Indianópolis,São Paulo,SP,04062-000,2015-05-16 02:51:08.837668+00,2015-05-16 02:51:08.837668+00
113,M,Edgar,Thompson,37753044199,1947-09-09,e.thompson@example.com,(30) 2035-1372,(72) 6419-6032,Av. Moreira Guimarães,367,Moema,São Paulo,SP,04074-030,2015-05-16 02:51:08.838381+00,2015-05-16 02:51:08.838381+00
114,F,Cindy,Cottle,01776018239,1987-09-24,c.cottle@example.com,(61) 8060-7160,(69) 0657-4477,Av. Ulisses Reis de Matos,100,Morumbi,São Paulo,SP,00568-602,2015-05-16 02:51:08.846499+00,2015-05-16 02:51:08.846499+00
115,M,Alejandro,Luchesi,78975056303,1956-09-19,a.luchesi@example.com,(30) 8483-3345,(01) 3154-4966,Av. Ulisses Reis de Matos,100,Morumbi,São Paulo,SP,00568-602,2015-05-16 02:51:08.942512+00,2015-05-16 02:51:08.942512+00
116,F,Colleen,Lugo,54073229430,2002-05-02,c.lugo@example.com,(25) 5255-9730,(02) 2800-8957,Rua Padre Machado,68,Vila Mariana,São Paulo,SP,04127-001,2015-05-16 02:51:08.944607+00,2015-05-16 02:51:08.944607+00
117,F,Sheryl,Mitchell,61775677613,1960-05-24,s.mitchell@example.com,(97) 2679-9433,(28) 7910-6589,Rua Padre Machado,68,Vila Mariana,São Paulo,SP,04127-001,2015-05-16 02:51:08.946157+00,2015-05-16 02:51:08.946157+00
118,F,Brenda,Parker,70397954295,1976-01-16,b.parker@example.com,(46) 5449-0920,(64) 6548-1353,Av. Pacaembú,380,Barra Funda,São Paulo,SP,01155-000,2015-05-16 02:51:08.946963+00,2015-05-16 02:51:08.946963+00
119,M,Mike,Contreras,57927411669,1998-10-16,m.contreras@example.com,(42) 4752-0997,(59) 0053-5787,Av. Pacaembú,380,Barra Funda,São Paulo,SP,01155-000,2015-05-16 02:51:08.948341+00,2015-05-16 02:51:08.948341+00
120,F,Susanne,Rodgers,83830332865,2000-12-08,s.rodgers@example.com,(98) 5868-3710,(26) 6622-4121,Av. Ulisses Reis de Matos,100,Morumbi,São Paulo,SP,00568-602,2015-05-16 02:51:08.950549+00,2015-05-16 02:51:08.950549+00
121,M,Martin,Munoz,13797245766,1945-11-22,m.munoz@example.com,(47) 8640-1669,(87) 4837-7988,Av. Moreira Guimarães,367,Moema,São Paulo,SP,04074-030,2015-05-16 02:51:08.951432+00,2015-05-16 02:51:08.951432+00
122,F,Christine,Blair,61734137962,1950-09-10,c.blair@example.com,(37) 1650-1343,(31) 1779-6726,Rua Padre Machado,68,Vila Mariana,São Paulo,SP,04127-001,2015-05-16 02:51:08.952302+00,2015-05-16 02:51:08.952302+00
123,F,Emily,Ruff,68167656985,2010-02-03,e.ruff@example.com,(25) 2799-3892,(12) 1579-6774,Av. Indianópolis,100,Indianópolis,São Paulo,SP,04062-000,2015-05-16 02:51:08.955373+00,2015-05-16 02:51:08.955373+00
124,F,Ann,Hudson,36497517439,1992-10-28,a.hudson@example.com,(76) 4900-5511,(81) 9620-8126,Rua Padre Machado,68,Vila Mariana,São Paulo,SP,04127-001,2015-05-16 02:51:08.955978+00,2015-05-16 02:51:08.955978+00
125,M,Jonathan,Siewert,75187488951,1993-02-14,j.siewert@example.com,(96) 3805-1805,(79) 7307-1064,Rua Padre Machado,68,Vila Mariana,São Paulo,SP,04127-001,2015-05-16 02:51:08.981641+00,2015-05-16 02:51:08.981641+00
126,M,Larry,Platt,17998014402,1977-04-21,l.platt@example.com,(73) 3738-4248,(71) 6852-0474,Av. Ulisses Reis de Matos,100,Morumbi,São Paulo,SP,00568-602,2015-05-16 02:51:08.984032+00,2015-05-16 02:51:08.984032+00
127,F,Sandra,Rountree,47291850289,1971-11-18,s.rountree@example.com,(29) 7905-2632,(72) 9560-7422,Av. Pacaembú,380,Barra Funda,São Paulo,SP,01155-000,2015-05-16 02:51:08.990073+00,2015-05-16 02:51:08.990073+00
128,M,Gregory,Matthews,49506755539,1980-06-09,g.matthews@example.com,(32) 1218-2398,(21) 1996-5542,Av. Indianópolis,100,Indianópolis,São Paulo,SP,04062-000,2015-05-16 02:51:08.990754+00,2015-05-16 02:51:08.990754+00
129,F,Sheila,Davis,59191328430,1959-04-21,s.davis@example.com,(02) 6517-1608,(80) 9031-9464,Av. Moreira Guimarães,367,Moema,São Paulo,SP,04074-030,2015-05-16 02:51:08.991263+00,2015-05-16 02:51:08.991263+00
130,F,Helen,Hansen,47024600290,1966-12-12,h.hansen@example.com,(07) 0226-6767,(70) 4729-5247,Rua Padre Machado,68,Vila Mariana,São Paulo,SP,04127-001,2015-05-16 02:51:08.991908+00,2015-05-16 02:51:08.991908+00
131,M,Steven,Chabot,73404968951,1969-11-14,s.chabot@example.com,(84) 1636-1685,(21) 2113-0686,Av. Indianópolis,100,Indianópolis,São Paulo,SP,04062-000,2015-05-16 02:51:09.002646+00,2015-05-16 02:51:09.002646+00
132,F,Melinda,Armenta,48272479731,1991-02-05,m.armenta@example.com,(76) 8125-9929,(05) 1105-0991,Av. Moreira Guimarães,367,Moema,São Paulo,SP,04074-030,2015-05-16 02:51:09.008886+00,2015-05-16 02:51:09.008886+00
133,F,Carol,Collier,80437936349,1956-12-02,c.collier@example.com,(19) 2838-7353,(99) 5422-4592,Av. Moreira Guimarães,367,Moema,São Paulo,SP,04074-030,2015-05-16 02:51:09.009959+00,2015-05-16 02:51:09.009959+00
134,M,Javier,Morales,52259255025,1989-03-14,j.morales@example.com,(10) 4242-2110,(69) 3270-4507,Rua Padre Machado,68,Vila Mariana,São Paulo,SP,04127-001,2015-05-16 02:51:09.010787+00,2015-05-16 02:51:09.010787+00
135,M,Andrew,Hunt,02213007702,1992-09-20,a.hunt@example.com,(84) 5922-8301,(07) 6367-5600,Av. Indianópolis,100,Indianópolis,São Paulo,SP,04062-000,2015-05-16 02:51:09.011405+00,2015-05-16 02:51:09.011405+00
136,M,Robert,Parker,31624921155,1994-05-24,r.parker@example.com,(26) 2373-3646,(79) 0555-3428,Av. Ulisses Reis de Matos,100,Morumbi,São Paulo,SP,00568-602,2015-05-16 02:51:09.011821+00,2015-05-16 02:51:09.011821+00
137,M,Earl,Orlando,75821484063,2002-08-05,e.orlando@example.com,(72) 7313-3983,(03) 5880-6400,Av. Pacaembú,380,Barra Funda,São Paulo,SP,01155-000,2015-05-16 02:51:09.016836+00,2015-05-16 02:51:09.016836+00
138,M,Myron,Gray,64537531083,1953-08-20,m.gray@example.com,(95) 4761-9021,(39) 6566-4808,Av. Moreira Guimarães,367,Moema,São Paulo,SP,04074-030,2015-05-16 02:51:09.018517+00,2015-05-16 02:51:09.018517+00
139,F,Lacie,Roberts,26476066263,1969-06-05,l.roberts@example.com,(75) 1059-3516,(94) 7697-3726,Av. Ulisses Reis de Matos,100,Morumbi,São Paulo,SP,00568-602,2015-05-16 02:51:09.021705+00,2015-05-16 02:51:09.021705+00
140,F,Carol,Hayden,98613707188,1987-03-16,c.hayden@example.com,(01) 9565-7949,(41) 5562-7874,Av. Ulisses Reis de Matos,100,Morumbi,São Paulo,SP,00568-602,2015-05-16 02:51:09.023172+00,2015-05-16 02:51:09.023172+00
141,M,Charles,Martin,45126884453,1989-10-16,c.martin@example.com,(89) 5395-5002,(96) 3574-9601,Av. Ulisses Reis de Matos,100,Morumbi,São Paulo,SP,00568-602,2015-05-16 02:51:09.023560+00,2015-05-16 02:51:09.023560+00
142,M,David,West,15125730423,2003-04-10,d.west@example.com,(99) 5753-3048,(02) 4808-4363,Av. Moreira Guimarães,367,Moema,São Paulo,SP,04074-030,2015-05-16 02:51:09.024055+00,2015-05-16 02:51:09.024055+00
143,M,Charles,Clarke,47979976483,1986-03-24,c.clarke@example.com,(14) 1525-8957,(60) 0765-4712,Av. Moreira Guimarães,367,Moema,São Paulo,SP,04074-030,2015-05-16 02:51:09.025059+00,2015-05-16 02:51:09.025059+00
144,M,Wayne,Clark,17136764708,1978-01-10,w.clark@example.com,(39) 6551-7920,(91) 1275-5230,Av. Ulisses Reis de Matos,100,Morumbi,São Paulo,SP,00568-602,2015-05-16 02:51:09.025589+00,2015-05-16 02:51:09.025589+00
145,M,Jonathan,Christ,10506939165,1958-05-03,j.christ@example.com,(74) 6317-3830,(24) 6253-4686,Rua Padre Machado,68,Vila Mariana,São Paulo,SP,04127-001,2015-05-16 02:51:09.032973+00,2015-05-16 02:51:09.032973+00
146,M,Emmett,Lashua,41425341121,1979-01-17,e.lashua@example.com,(04) 4671-5812,(61) 3083-3037,Av. Moreira Guimarães,367,Moema,São Paulo,SP,04074-030,2015-05-16 02:51:09.066985+00,2015-05-16 02:51:09.066985+00
147,F,Theresa,Jones,09295607343,2002-07-28,t.jones@example.com,(96) 9704-6069,(51) 4886-8880,Av. Indianópolis,100,Indianópolis,São Paulo,SP,04062-000,2015-05-16 02:51:09.067510+00,2015-05-16 02:51:09.067510+00
148,M,Brian,Durham,31881361969,1993-04-12,b.durham@example.com,(59) 7003-1319,(41) 6261-9952,Av. Indianópolis,100,Indianópolis,São Paulo,SP,04062-000,2015-05-16 02:51:09.068769+00,2015-05-16 02:51:09.068769+00
149,F,Geraldine,Hellyer,60784777328,1947-12-27,g.hellyer@example.com,(01) 0032-6936,(20) 4249-4924,Av. Moreira Guimarães,367,Moema,São Paulo,SP,04074-030,2015-05-16 02:51:09.102843+00,2015-05-16 02:51:09.102843+00
150,M,Herman,Rocque,27424274818,1969-12-15,h.rocque@example.com,(56) 7801-7868,(22) 8852-7029,Av. Indianópolis,100,Indianópolis,São Paulo,SP,04062-000,2015-05-16 02:51:09.150240+00,2015-05-16 02:51:09.150240+00
151,M,Randall,Camire,66057758002,1969-07-09,r.camire@example.com,(17) 2590-6878,(10) 5294-6805,Av. Moreira Guimarães,367,Moema,São Paulo,SP,04074-030,2015-05-16 02:51:09.164247+00,2015-05-16 02:51:09.164247+00
152,M,Thomas,Sanchez,72343984824,1986-02-28,t.sanchez@example.com,(83) 1179-1645,(86) 3975-5441,Av. Ulisses Reis de Matos,100,Morumbi,São Paulo,SP,00568-602,2015-05-16 02:51:09.164744+00,2015-05-16 02:51:09.164744+00
153,F,Loretta,Gurley,49961919168,1965-04-28,l.gurley@example.com,(49) 7553-5930,(21) 2516-6184,Av. Pacaembú,380,Barra Funda,São Paulo,SP,01155-000,2015-05-16 02:51:09.169038+00,2015-05-16 02:51:09.169038+00
154,M,Aaron,Warren,89549226749,1975-09-07,a.warren@example.com,(69) 1828-2530,(84) 5838-6618,Av. Pacaembú,380,Barra Funda,São Paulo,SP,01155-000,2015-05-16 02:51:09.169676+00,2015-05-16 02:51:09.169676+00
155,M,James,Isom,51797393882,1994-03-05,j.isom@example.com,(78) 0743-5543,(37) 0151-3442,Av. Ulisses Reis de Matos,100,Morumbi,São Paulo,SP,00568-602,2015-05-16 02:51:09.173355+00,2015-05-16 02:51:09.173355+00
156,F,Penelope,Ayers,27990316557,1996-04-22,p.ayers@example.com,(21) 9689-1064,(09) 9638-3704,Av. Moreira Guimarães,367,Moema,São Paulo,SP,04074-030,2015-05-16 02:51:09.175531+00,2015-05-16 02:51:09.175531+00
157,M,Gary,Gibbs,55105708155,1948-12-01,g.gibbs@example.com,(58) 6371-9625,(52) 3236-1376,Rua Padre Machado,68,Vila Mariana,São Paulo,SP,04127-001,2015-05-16 02:51:09.176438+00,2015-05-16 02:51:09.176438+00
158,F,Jennifer,Borkholder,04222014552,1973-09-28,j.borkholder@example.com,(85) 7714-1061,(45) 2005-7086,Rua Padre Machado,68,Vila Mariana,São Paulo,SP,04127-001,2015-05-16 02:51:09.196386+00,2015-05-16 02:51:09.196386+00
159,F,Marva,Best,49853595954,1960-12-22,m.best@example.com,(51) 1842-5743,(70) 8362-8034,Av. Indianópolis,100,Indianópolis,São Paulo,SP,04062-000,2015-05-16 02:51:09.198931+00,2015-05-16 02:51:09.198931+00
160,M,William,Burns,16199808769,1974-11-23,w.burns@example.com,(34) 1063-4459,(52) 8397-6967,Av. Pacaembú,380,Barra Funda,São Paulo,SP,01155-000,2015-05-16 02:51:09.199473+00,2015-05-16 02:51:09.199473+00
161,M,Colin,Peterson,58213597461,1946-04-25,c.peterson@example.com,(07) 6357-4579,(81) 9787-4514,Av. Ulisses Reis de Matos,100,Morumbi,São Paulo,SP,00568-602,2015-05-16 02:51:09.200381+00,2015-05-16 02:51:09.200381+00
162,F,Silvia,Adon,65292727593,2000-10-26,s.adon@example.com,(49) 2731-0310,(03) 6634-4460,Rua Padre Machado,68,Vila Mariana,São Paulo,SP,04127-001,2015-05-16 02:51:09.295983+00,2015-05-16 02:51:09.295983+00
163,M,James,Tu,60292336666,2010-11-18,j.tu@example.com,(24) 1484-7310,(96) 3963-2698,Av. Pacaembú,380,Barra Funda,São Paulo,SP,01155-000,2015-05-16 02:51:09.307171+00,2015-05-16 02:51:09.307171+00
164,F,Heather,Blankenship,29104576152,1959-11-02,h.blankenship@example.com,(15) 9271-6853,(58) 0944-3745,Av. Pacaembú,380,Barra Funda,São Paulo,SP,01155-000,2015-05-16 02:51:09.308549+00,2015-05-16 02:51:09.308549+00
165,M,Alex,Edmondson,27147135640,2002-08-25,a.edmondson@example.com,(73) 4800-2620,(09) 2856-8501,Av. Moreira Guimarães,367,Moema,São Paulo,SP,04074-030,2015-05-16 02:51:09.313361+00,2015-05-16 02:51:09.313361+00
166,F,Amanda,Turnbow,77127935830,1999-01-07,a.turnbow@example.com,(29) 0436-0617,(56) 8707-8295,Av. Ulisses Reis de Matos,100,Morumbi,São Paulo,SP,00568-602,2015-05-16 02:51:09.323127+00,2015-05-16 02:51:09.323127+00
167,F,Evelyn,Navor,98132418844,1978-06-09,e.navor@example.com,(16) 9363-6051,(82) 3945-0629,Av. Moreira Guimarães,367,Moema,São Paulo,SP,04074-030,2015-05-16 02:51:09.371261+00,2015-05-16 02:51:09.371261+00
168,F,Corrine,Resendiz,01297794937,1997-10-25,c.resendiz@example.com,(37) 9917-9452,(60) 4640-7290,Av. Ulisses Reis de Matos,100,Morumbi,São Paulo,SP,00568-602,2015-05-16 02:51:09.390588+00,2015-05-16 02:51:09.390588+00
169,F,Pamela,Daines,02278829214,1983-10-25,p.daines@example.com,(27) 3645-9519,(36) 7300-7775,Av. Indianópolis,100,Indianópolis,São Paulo,SP,04062-000,2015-05-16 02:51:09.452373+00,2015-05-16 02:51:09.452373+00
170,F,Terrie,Sutton,56264385439,1973-12-24,t.sutton@example.com,(44) 5219-9898,(38) 9135-2503,Av. Ulisses Reis de Matos,100,Morumbi,São Paulo,SP,00568-602,2015-05-16 02:51:09.455354+00,2015-05-16 02:51:09.455354+00
171,M,Donald,Boden,14808464996,1959-02-25,d.boden@example.com,(64) 1160-0859,(54) 5690-2421,Rua Padre Machado,68,Vila Mariana,São Paulo,SP,04127-001,2015-05-16 02:51:09.466460+00,2015-05-16 02:51:09.466460+00
172,M,Eric,Cuellar,74811439238,1997-02-05,e.cuellar@example.com,(53) 3081-6993,(04) 3026-6938,Av. Pacaembú,380,Barra Funda,São Paulo,SP,01155-000,2015-05-16 02:51:09.469792+00,2015-05-16 02:51:09.469792+00
173,M,Ryan,Conley,92164172131,1973-02-12,r.conley@example.com,(63) 8392-5049,(72) 8116-5946,Av. Pacaembú,380,Barra Funda,São Paulo,SP,01155-000,2015-05-16 02:51:09.470849+00,2015-05-16 02:51:09.470849+00
174,F,Bonnie,Berger,48539406352,2002-03-27,b.berger@example.com,(29) 4576-3866,(14) 0786-5798,Av. Ulisses Reis de Matos,100,Morumbi,São Paulo,SP,00568-602,2015-05-16 02:51:09.472435+00,2015-05-16 02:51:09.472435+00
175,M,Robert,Magill,72952498012,1959-10-27,r.magill@example.com,(99) 9497-0977,(15) 1942-6320,Av. Ulisses Reis de Matos,100,Morumbi,São Paulo,SP,00568-602,2015-05-16 02:51:09.481335+00,2015-05-16 02:51:09.481335+00
176,M,Antione,Donovan,47889524788,1969-06-18,a.donovan@example.com,(17) 5984-2669,(78) 1163-5571,Av. Indianópolis,100,Indianópolis,São Paulo,SP,04062-000,2015-05-16 02:51:09.486228+00,2015-05-16 02:51:09.486228+00
177,M,Raul,Cauffman,60068561929,1997-08-16,r.cauffman@example.com,(94) 8762-5108,(57) 8210-9217,Rua Padre Machado,68,Vila Mariana,São Paulo,SP,04127-001,2015-05-16 02:51:09.526648+00,2015-05-16 02:51:09.526648+00
178,M,Scott,Lee,72159308954,2009-06-19,s.lee@example.com,(23) 4783-7110,(85) 3056-5146,Av. Indianópolis,100,Indianópolis,São Paulo,SP,04062-000,2015-05-16 02:51:09.527166+00,2015-05-16 02:51:09.527166+00
179,F,Arlene,Benson,50418394972,1984-10-20,a.benson@example.com,(20) 6968-7049,(31) 0069-8359,Av. Pacaembú,380,Barra Funda,São Paulo,SP,01155-000,2015-05-16 02:51:09.528215+00,2015-05-16 02:51:09.528215+00
180,M,Richard,Krasley,93387692073,1974-07-12,r.krasley@example.com,(23) 8022-2719,(60) 3559-6650,Av. Indianópolis,100,Indianópolis,São Paulo,SP,04062-000,2015-05-16 02:51:09.627130+00,2015-05-16 02:51:09.627130+00
181,M,Larry,Holliday,66386606130,1965-12-09,l.holliday@example.com,(99) 8009-8918,(22) 9741-9892,Rua Padre Machado,68,Vila Mariana,São Paulo,SP,04127-001,2015-05-16 02:51:09.629692+00,2015-05-16 02:51:09.629692+00
182,M,Jeffrey,Aguiar,80782158181,1980-09-05,j.aguiar@example.com,(44) 8158-5865,(37) 4397-8317,Av. Moreira Guimarães,367,Moema,São Paulo,SP,04074-030,2015-05-16 02:51:09.635838+00,2015-05-16 02:51:09.635838+00
183,M,Jason,Maris,52131400198,1960-01-19,j.maris@example.com,(32) 1439-1000,(28) 6673-4126,Av. Ulisses Reis de Matos,100,Morumbi,São Paulo,SP,00568-602,2015-05-16 02:51:09.648764+00,2015-05-16 02:51:09.648764+00
184,F,Nancy,Welton,32694013205,1971-01-28,n.welton@example.com,(18) 9652-5523,(62) 0773-8608,Av. Moreira Guimarães,367,Moema,São Paulo,SP,04074-030,2015-05-16 02:51:09.657933+00,2015-05-16 02:51:09.657933+00
185,M,William,Ross,43129610146,1999-04-10,w.ross@example.com,(11) 0786-0715,(45) 1624-9869,Av. Ulisses Reis de Matos,100,Morumbi,São Paulo,SP,00568-602,2015-05-16 02:51:09.658475+00,2015-05-16 02:51:09.658475+00
186,F,Bernice,Marble,21945767284,2005-04-28,b.marble@example.com,(67) 0970-6021,(80) 3490-4769,Rua Padre Machado,68,Vila Mariana,São Paulo,SP,04127-001,2015-05-16 02:51:09.664996+00,2015-05-16 02:51:09.664996+00
187,M,Jason,Miner,90328846399,1968-09-01,j.miner@example.com,(45) 5123-1636,(02) 3955-6878,Av. Moreira Guimarães,367,Moema,São Paulo,SP,04074-030,2015-05-16 02:51:09.667198+00,2015-05-16 02:51:09.667198+00
188,F,Sharron,Kupchinsky,05817051807,1969-01-06,s.kupchinsky@example.com,(05) 1303-8329,(69) 7805-2622,Av. Pacaembú,380,Barra Funda,São Paulo,SP,01155-000,2015-05-16 02:51:09.779259+00,2015-05-16 02:51:09.779259+00
189,M,Robert,Campbell,22168187406,2003-11-05,r.campbell@example.com,(98) 4185-3299,(23) 3725-3853,Av. Indianópolis,100,Indianópolis,São Paulo,SP,04062-000,2015-05-16 02:51:09.779751+00,2015-05-16 02:51:09.779751+00
190,M,Bobby,Collier,33686654152,1965-09-24,b.collier@example.com,(56) 1951-4737,(54) 2574-7421,Rua Padre Machado,68,Vila Mariana,São Paulo,SP,04127-001,2015-05-16 02:51:09.780865+00,2015-05-16 02:51:09.780865+00
191,M,John,Davis,55012686404,1997-06-13,j.davis@example.com,(88) 0067-3760,(68) 2782-9035,Rua Padre Machado,68,Vila Mariana,São Paulo,SP,04127-001,2015-05-16 02:51:09.781295+00,2015-05-16 02:51:09.781295+00
192,M,Carlos,Clay,42920667651,1985-05-07,c.clay@example.com,(87) 8239-0999,(56) 0354-2903,Av. Moreira Guimarães,367,Moema,São Paulo,SP,04074-030,2015-05-16 02:51:09.782411+00,2015-05-16 02:51:09.782411+00
193,M,Richard,Lane,23208652783,1950-08-09,r.lane@example.com,(58) 2376-2071,(94) 9679-9659,Av. Moreira Guimarães,367,Moema,São Paulo,SP,04074-030,2015-05-16 02:51:09.783055+00,2015-05-16 02:51:09.783055+00
194,F,Kathleen,Carney,86023925599,1963-12-06,k.carney@example.com,(92) 2675-7864,(16) 8525-3929,Av. Ulisses Reis de Matos,100,Morumbi,São Paulo,SP,00568-602,2015-05-16 02:51:09.784678+00,2015-05-16 02:51:09.784678+00
195,F,Jewel,Perry,84528706513,1995-07-22,j.perry@example.com,(22) 5277-9667,(66) 7274-7723,Av. Pacaembú,380,Barra Funda,São Paulo,SP,01155-000,2015-05-16 02:51:09.786345+00,2015-05-16 02:51:09.786345+00
196,F,Hillary,Baker,22760265199,2004-09-10,h.baker@example.com,(05) 0532-1016,(50) 3567-7918,Av. Pacaembú,380,Barra Funda,São Paulo,SP,01155-000,2015-05-16 02:51:09.788228+00,2015-05-16 02:51:09.788228+00
197,F,Stacey,Boddie,83295445353,1963-01-27,s.boddie@example.com,(33) 5823-8841,(01) 6368-5619,Av. Pacaembú,380,Barra Funda,São Paulo,SP,01155-000,2015-05-16 02:51:09.797404+00,2015-05-16 02:51:09.797404+00
198,M,Brian,Cloutier,58368227383,1985-05-17,b.cloutier@example.com,(19) 8306-3486,(26) 8414-8711,Av. Ulisses Reis de Matos,100,Morumbi,São Paulo,SP,00568-602,2015-05-16 02:51:09.800896+00,2015-05-16 02:51:09.800896+00
199,F,Anna,Nilsen,21555005537,1980-02-01,a.nilsen@example.com,(52) 5430-8796,(63) 0746-6221,Av. Moreira Guimarães,367,Moema,São Paulo,SP,04074-030,2015-05-16 02:51:09.813373+00,2015-05-16 02:51:09.813373+00
200,M,Raymond,Burns,57352281032,1984-12-23,r.burns@example.com,(93) 6926-6791,(79) 3521-5127,Av. Moreira Guimarães,367,Moema,São Paulo,SP,04074-030,2015-05-16 02:51:09.813955+00,2015-05-16 02:51:09.813955+00
